id,title,deadline,price,image_url,link_info,link_reg,category,keterangan,is_active
9,PELATIHAN SISTEM MANAJEMEN K3,2025-03-01,0,https://barium.dfxx.fun/storage/01JN1CGT08RKWHJW40Q09G39P4.jpg,https://www.instagram.com/p/DGfnEGzyKab/?igsh=MTNvcnh6bTVsY2tmMw==,,,,TRUE
13,PELATIHAN,2025-03-02,0,https://barium.dfxx.fun/storage/01JN1DGC4RMEQ73BXR9VFF2Z7R.jpg,https://www.instagram.com/share/p/BBFSKHmOF9,,,,TRUE
12,LOMBA ESAI INOVASI NUSANTARA,2025-03-05,40000,https://barium.dfxx.fun/storage/01JN1DF293C4W7SE1ZBRDP2R7F.jpg,https://www.instagram.com/share/p/BALkErA8Mu,,,,TRUE
19,NATIONAL PAPER COMPETITION,2025-03-05,180000,https://barium.dfxx.fun/storage/01JN1DYJ7FYH71CG6ANW83QWGM.jpg,https://www.instagram.com/share/p/BAFy2qkjRO,,,,TRUE
15,BUSINESS PLAN COM,2025-03-07,0,https://barium.dfxx.fun/storage/01JN1DMZZD5X1EPHQYNM3G0ND6.jpg,https://www.instagram.com/share/p/BBqg_LtBPT,,,,TRUE
11,SEMINAR NAONAL KARYA TULIS ILMIAH,2025-03-08,0,https://barium.dfxx.fun/storage/01JN1CRP9ETX3MGGKQQF36BQ95.jpg,https://www.instagram.com/p/DGUxtwTxfRj/?img_index=3&igsh=NGt1MmY2bHZ6ZDlj,,,,TRUE
10,SEMINAR NASIONAL KEPENULISAN DAN PUBLIKASI ILMIAH,2025-03-09,0,https://barium.dfxx.fun/storage/01JN1CK7DXE9T9M2A630ASQMES.jpg,https://www.instagram.com/p/DGUxtwTxfRj/?img_index=3&igsh=NGt1MmY2bHZ6ZDlj,,,,TRUE
22,REVEWABLE ENERGY INNOVATION FESTIVAL 2025,2025-03-11,80000,https://barium.dfxx.fun/storage/01JN1E5CVMMK5900VBJX64G7N3.jpg,https://www.instagram.com/share/p/BABaUtQRve,,,,TRUE
14,ESSAY COMPETITION,2025-03-14,25000,https://barium.dfxx.fun/storage/01JN1DJHCPK253AKH6A5TFYSKK.jpg,https://www.instagram.com/share/p/BBPpD3KgdI,,,,TRUE
8,SEMINAR NASIONAL PUBLIKASI JURNAL ILMIAH,2025-03-15,0,https://barium.dfxx.fun/storage/01JN1CDRBZCM9G45RMTF3VM2K1.jpg,https://www.instagram.com/p/DGUxtwTxfRj/?img_index=3&igsh=NGt1MmY2bHZ6ZDlj,,,,TRUE
30,TRAINING K3,2025-03-16,35000,https://barium.dfxx.fun/storage/01JPAZHYNH5YTJQ112W2JQEMXR.jpg,https://www.instagram.com/share/p/_cdJiFQhS,,,,TRUE
31,NATIONAL ESSAY COMETITION,2025-03-16,40000,https://barium.dfxx.fun/storage/01JPAZN2J5CVSGQ9MRBSNXE3C7.jpg,https://www.instagram.com/share/p/BAR5Fit1K0,,,,TRUE
17,LOMBA PAPER,2025-03-18,35000,https://barium.dfxx.fun/storage/01JN1DT67191AZ8GKDDGKRBKKV.jpg,https://www.instagram.com/share/p/BAOtsVz2bB,,,,TRUE
24,SASECOM SMART SAFETY COMPETITION,2025-03-18,50000,https://barium.dfxx.fun/storage/01JN1EAEFQAYTSCJHFCZ5J4G9S.jpg,https://www.instagram.com/share/p/BAFy2qkjRO,,,,TRUE
25,RECURSION 1.0,2025-03-18,90000,https://barium.dfxx.fun/storage/01JN1ED1R4XHJ0PBMX36PRMG2G.jpg,https://www.instagram.com/share/p/BAKsQrHYIC,,,,TRUE
26,EXCESS 2025 (INTERNATIONAL ESSAY COMPETITION),2025-03-18,0,https://barium.dfxx.fun/storage/01JN1EFZGW2XB5NHBFZVE5QSC4.jpg,https://www.instagram.com/share/p/_mkSa9xmU,,,,TRUE
27,INCOSHET 2025,2025-03-18,50000,https://barium.dfxx.fun/storage/01JPAZ8QSH86JQFC929Y3K6945.jpg,https://www.instagram.com/share/p/_qLpKBHvQ,,,,TRUE
33,BUSINESS CASE COMPETITION,2025-03-18,270000,https://barium.dfxx.fun/storage/01JPAZVB0CJG4MSCH3YRYRNFM1.jpg,https://www.instagram.com/share/p/_oVf-c9CJ,,,,TRUE
21,RESPECTIVE FEST 2025,2025-03-20,55000,https://barium.dfxx.fun/storage/01JN1E1NSJ53YQV2VZAZK4MPGS.jpg,https://www.instagram.com/share/p/BAX88uYKkU,,,,TRUE
32,LOMBA POSTER,2025-03-20,75000,https://barium.dfxx.fun/storage/01JPAZRBM38PYMM2M97EZGX521.jpg,https://www.instagram.com/share/p/_8iTBMX6K,,,,TRUE
35,RENEWABLE ENERGY INOVATION IDEA 2025,2025-03-24,110000,https://barium.dfxx.fun/storage/01JPBNDFE63VCCY59E55639ZZX.jpg,https://www.instagram.com/share/p/_ZYaoPiq_,,,,TRUE
23,CALL FOR ABSTRACT,2025-03-25,0,https://barium.dfxx.fun/storage/01JN1E7EDQ45TTDKAB2C0TR478.jpg,https://www.instagram.com/share/p/BAMTg91WX2,,,,TRUE
18,LOMBA ESAI NASIONAL,2025-03-28,0,https://barium.dfxx.fun/storage/01JN1DWRFDG2BM1ZHXE8ATTBPS.jpg,https://www.instagram.com/share/p/BAQl8Wk2eC,,,,TRUE
16,LOMBA ESSAY ILMIAH DAN POSTER PUBLIK,2025-03-30,45000,https://barium.dfxx.fun/storage/01JN1DPRYR9P5D611G0Q01E05J.jpg,https://www.instagram.com/share/p/BAR1aVoFyT,,,,TRUE
29,DEMAND '' ESAI ILMIAH',2025-03-30,60000,https://barium.dfxx.fun/storage/01JPAZG3HD1E3ZSYCA0CTG60GF.jpg,https://www.instagram.com/share/p/BAFh8QGcQF,,,,TRUE
28,KPM COMPETITION 2025,2025-03-31,65000,https://barium.dfxx.fun/storage/01JPAZC2XV2A76HV43ZN9RRX5M.jpg,https://www.instagram.com/share/p/_lK88YtcN,,,,TRUE
41,LOMBA ESAI ( PERAN MATEMATIKA DALAM ERA MODERN ),2025-04-02,20000,https://barium.dfxx.fun/storage/01JQE8Y717D5E3F6BSKKFNAQE4.png,https://www.instagram.com/p/DHnIqafpSOl/?utm_source=ig_web_copy_link&igsh=MzRlODBiNWFlZA==,,,,TRUE
44,EBX 2025,2025-04-03,70000,https://barium.dfxx.fun/storage/01JQE9JNR4MCK69NQD1EEM3E3Y.png,https://www.instagram.com/p/DHunGAevVep/?utm_source=ig_web_copy_link&igsh=MzRlODBiNWFlZA==,,,,TRUE
37,LOMBA KARYA TULIS ILMIAH ANTAR MAHASISWA TINGKAT NASIONAL,2025-04-05,100000,https://barium.dfxx.fun/storage/01JQE8CN60Z6FDB7DEJ0NNH86T.png,https://www.instagram.com/p/DHs5nYipwRX/?utm_source=ig_web_copy_link&igsh=MzRlODBiNWFlZA==,,,,TRUE
39,PILNAS 3 LOMBA ESAI,2025-04-05,45000,https://barium.dfxx.fun/storage/01JQE8P1CE437SW1R5D20X2G9G.png,https://www.instagram.com/p/DHnxl26pY1a/?utm_source=ig_web_copy_link&igsh=MzRlODBiNWFlZA==,,,,TRUE
56,IREX,2025-04-05,20000,https://barium.dfxx.fun/storage/01JQZ968GMXKFRYXMFVP1H5EVE.png,https://www.instagram.com/p/DH8Z4hxzDI-/?utm_source=ig_web_copy_link&igsh=MzRlODBiNWFlZA==,,,,TRUE
52,LOMBA ESSAI NASIONAL,2025-04-09,60000,https://barium.dfxx.fun/storage/01JQZ3SD6VA92R2CA4R2PN829V.png,https://www.instagram.com/p/DHj8wJDzdr4/?utm_source=ig_web_copy_link,,,,TRUE
36,Event Menulis Gratis 2025 Nasional,2025-04-10,0,https://barium.dfxx.fun/storage/01JQE87YX9DQX5T8Z1RX0RZ5B0.png,https://www.instagram.com/p/DHtg_oIzksK/?utm_source=ig_web_copy_link&igsh=MzRlODBiNWFlZA==,,,,TRUE
55,CREATION,2025-04-10,30000,https://barium.dfxx.fun/storage/01JQZ7CRRBNR8YMHS90VKX4NNT.png,https://www.instagram.com/p/DHiiTtpx4Ni/?utm_source=ig_web_copy_link,,,,TRUE
43,NATIONAL BUSINESS PLAN COMPETITION,2025-04-11,0,https://barium.dfxx.fun/storage/01JQE9EGX9S8GR989H0BBSMSW4.png,https://www.instagram.com/p/DHvcWYfPe8P/?utm_source=ig_web_copy_link&igsh=MzRlODBiNWFlZA==,,,,TRUE
46,TROFIC 2025 ( ESAI DAN POSTER ),2025-04-11,20000,https://barium.dfxx.fun/storage/01JQJ6YA1YXT7FSGW5KYP1ZXD1.png,https://www.instagram.com/p/DHu3l85zTPt/?utm_source=ig_web_copy_link&igsh=MzRlODBiNWFlZA==,,,,TRUE
49,E-nec 2025 ( EDUSMART NATIONAL ESSAY COMPETITION ),2025-04-11,30000,https://barium.dfxx.fun/storage/01JQJ7K4VJH8V7347MRX1HEFZ4.png,https://www.instagram.com/p/DHptvYmTRM8/?utm_source=ig_web_copy_link&igsh=MzRlODBiNWFlZA==,,,,TRUE
53,BUSINESS MODEL CANVAS COMPETITION,2025-04-12,40000,https://barium.dfxx.fun/storage/01JQZ6ZD2RRD5T11P96NTFMX7A.png,https://www.instagram.com/p/DH7e0tlzxZU/?utm_source=ig_web_copy_link,,,,TRUE
54,KOMPETISI JURNALISTIK,2025-04-13,0,https://barium.dfxx.fun/storage/01JQZ763621MAJ99RD894DP4X0.png,https://www.instagram.com/p/DHzd9cvyCs8/?utm_source=ig_web_copy_link,,,,TRUE
60,PRISMA LOMBA KARYA TULIS ILMIAH NASIONAL,2025-04-14,140000,https://barium.dfxx.fun/storage/01JRW6AKYG24PMXT7WCGGA2J07.png,https://www.instagram.com/p/DIOSo-nJ16F/?utm_source=ig_web_copy_link&igsh=MzRlODBiNWFlZA==,,,,TRUE
47,NATIONAL ESSAY COMPETITION,2025-04-15,60000,https://barium.dfxx.fun/storage/01JQJ72BHT04KT3Y0NNWEFG4QZ.png,https://www.instagram.com/p/DHuN5NHCBlG/?utm_source=ig_web_copy_link&igsh=MzRlODBiNWFlZA==,,,,TRUE
40,NATIONAL ESSAY COMPETITION,2025-04-18,75000,https://barium.dfxx.fun/storage/01JQE8S6YX9MTB08AYN1RYE3YJ.png,https://www.instagram.com/p/DHnjhsxJsmr/?utm_source=ig_web_copy_link&igsh=MzRlODBiNWFlZA==,,,,TRUE
48,KEJUARAAN SAINS PELAJAR INDONESIA,2025-04-18,0,https://barium.dfxx.fun/storage/01JQJ7DA8AXFF54V97FWV0C2A0.png,https://www.instagram.com/p/DHpy2_0TqKM/?utm_source=ig_web_copy_link&igsh=MzRlODBiNWFlZA==,,,,TRUE
59,LOMBA KARYA TULIS ILMIAH NASIONAL,2025-04-18,100000,https://barium.dfxx.fun/storage/01JRW67YDCA8PPR04WEFM3RS07.png,https://www.instagram.com/p/DIBoCjKpK9H/?utm_source=ig_web_copy_link&igsh=MzRlODBiNWFlZA==,,,,TRUE
62,ESSAY COMETITION FUTURE FORWARD,2025-04-18,35000,https://barium.dfxx.fun/storage/01JRW6J444845MJ4SM66HMWHDA.png,https://www.instagram.com/p/DISfAdizpmK/?utm_source=ig_web_copy_link&igsh=MzRlODBiNWFlZA==,,,,TRUE
66,CHEMICAL ENGINEERING FREE CLASS,2025-04-19,0,https://barium.dfxx.fun/storage/01JRW716V6HVH3KKZ7XHBV7ZRP.png,https://www.instagram.com/p/DIRGuq9zM2P/?utm_source=ig_web_copy_link&igsh=MzRlODBiNWFlZA==,,,,TRUE
51,PANGSA ESSAY COMPETITION 2025,2025-04-20,30000,https://barium.dfxx.fun/storage/01JQZ3J0A3HNHWF4K9ADZ6BERC.png,https://www.instagram.com/p/DHvQm--Pf6E/?utm_source=ig_web_copy_link,,,,TRUE
65,LINGFEST 3.0 COMPETITION FKIP UNS,2025-04-20,30000,https://barium.dfxx.fun/storage/01JRW6VQJJG1N9KQR91GDX76XH.png,https://www.instagram.com/p/DIQOs40SKvp/?utm_source=ig_web_copy_link&igsh=MzRlODBiNWFlZA==,,,,TRUE
50,BUSINESS PLAN,2025-04-21,100000,https://barium.dfxx.fun/storage/01JQZ3AZBDD1K1DKBAN60XBC06.png,https://www.instagram.com/p/DH-vDkjSXYo/?utm_source=ig_web_copy_link,,,,TRUE
38,LOMBA POSTER PUBLIK NASIONAL,2025-04-24,25000,https://barium.dfxx.fun/storage/01JQE8HHZ0NC64PH0DJKY2T4DZ.png,https://www.instagram.com/p/DHoyKMVTxmJ/?utm_source=ig_web_copy_link&igsh=MzRlODBiNWFlZA==,,,,TRUE
45,NATIONAL SCIENTIFIC COMPETITION,2025-04-25,75000,https://barium.dfxx.fun/storage/01JQE9T15W6Q6J31C6VFRF7Y6C.png,https://www.instagram.com/p/DHkeUsBPGfB/?utm_source=ig_web_copy_link&igsh=MzRlODBiNWFlZA==,,,,TRUE
58,PELATIHAN MANAJEMEN RISIKO K3,2025-04-26,300000,https://barium.dfxx.fun/storage/01JQZ9P586QV80D3A3RR85B469.png,https://www.instagram.com/p/DHTMaHvTvyg/?utm_source=ig_web_copy_link&igsh=MzRlODBiNWFlZA==,,,,TRUE
42,GLOBAL INTERNATIONAL SEMINAR,2025-04-27,0,https://barium.dfxx.fun/storage/01JQE97MSRTD8HVZDGRWPHX4P4.png,https://www.instagram.com/p/DHsJsFgzl5Z/?utm_source=ig_web_copy_link&igsh=MzRlODBiNWFlZA==,,,,TRUE
64,AECTION 7.0,2025-04-29,100000,https://barium.dfxx.fun/storage/01JRW6S25MHEGV9P0NH7V86WAM.png,https://www.instagram.com/p/DHBUJEBvSh8/?utm_source=ig_web_copy_link&igsh=MzRlODBiNWFlZA==,,,,TRUE
57,IEEE FEST 2025,2025-04-30,55000,https://barium.dfxx.fun/storage/01JQZ9EY9YW64DKNJBKWB2KRVW.png,https://www.instagram.com/p/DIAd5ysTBLf/?utm_source=ig_web_copy_link&igsh=MzRlODBiNWFlZA==,,,,TRUE
61,ESSAY COMPETITION ( GEODEFEST 2025),2025-04-30,25000,https://barium.dfxx.fun/storage/01JRW6E3TGJT1QBTCK44C5JKB5.png,https://www.instagram.com/p/DH7XTaZTeqE/?utm_source=ig_web_copy_link&igsh=MzRlODBiNWFlZA==,,,,TRUE
63,KSE JUARA 2025,2025-04-30,65000,https://barium.dfxx.fun/storage/01JRW6N56XK6HDZ1PZE4DV54QJ.png,https://www.instagram.com/p/DII3v5VzDZQ/?utm_source=ig_web_copy_link&igsh=MzRlODBiNWFlZA==,,,,TRUE
74,PENDIKAR 2025,2025-05-02,0,https://barium.dfxx.fun/storage/01JTB7QAHFF5S6WE6W1WSKVQ3X.png,https://www.instagram.com/p/DI5RCXdyd6n/?utm_source=ig_web_copy_link&igsh=MzRlODBiNWFlZA==,,,,TRUE
76,POP COMPETITION,2025-05-07,0,https://barium.dfxx.fun/storage/01JTD1YSQ9AQR5Q3Q540351YRY.png,https://www.instagram.com/p/DJE03THTumt/?utm_source=ig_web_copy_link&igsh=MzRlODBiNWFlZA==,,,,TRUE
68,WMMC 2025,2025-05-08,0,https://barium.dfxx.fun/storage/01JTB6JB5NRXT7Y49PFRV92B6Q.png,https://www.instagram.com/p/DI-2gW1ydg-/?utm_source=ig_web_copy_link&igsh=MzRlODBiNWFlZA==,,,,TRUE
80,KREASI PUBLIK,2025-05-08,35000,https://barium.dfxx.fun/storage/01JTD2KTZFFP1GHA77HABGQJR7.png,https://www.instagram.com/p/DI-k2lZThua/?utm_source=ig_web_copy_link&igsh=MzRlODBiNWFlZA==,,,,TRUE
70,SPARK,2025-05-10,0,https://barium.dfxx.fun/storage/01JTB72CF2J07G04QPKNYHC1EM.png,https://www.instagram.com/p/DJLgLh3yf8s/?utm_source=ig_web_copy_link,,,,TRUE
73,MIRACLE PUBLIC HEALTH COMPETITION,2025-05-12,135000,https://barium.dfxx.fun/storage/01JTB7HGPXNYTDPCC3M06Z71V6.png,https://www.instagram.com/p/DJI7opRyeO8/?utm_source=ig_web_copy_link&igsh=MzRlODBiNWFlZA==,,,,TRUE
72,FOPESCO,2025-05-15,15000,https://barium.dfxx.fun/storage/01JTB78X4D3W2HRS4SQRHQW2QW.png,https://www.instagram.com/p/DJI8NZnSbbZ/?utm_source=ig_web_copy_link,,,,TRUE
69,XENOVOLUTION CUP 10.0,2025-05-16,0,https://barium.dfxx.fun/storage/01JTB6QNTHXHHNAQ3JH7M56FGR.png,https://www.instagram.com/p/DJLzT-gyipT/?utm_source=ig_web_copy_link&igsh=MzRlODBiNWFlZA==,,,,TRUE
71,POSTER COMPETITION,2025-05-16,0,https://barium.dfxx.fun/storage/01JTB76KC8NHARH3F1DXHRRHRX.png,https://www.instagram.com/p/DJLf54XyEQs/?utm_source=ig_web_copy_link&igsh=MzRlODBiNWFlZA==,,,,TRUE
83,CALL FOR PAPER,2025-05-16,50000,https://barium.dfxx.fun/storage/01JTD32HDR25NJCRHJTHW4WGK7.png,https://www.instagram.com/p/DI_Vqk6p1R_/?utm_source=ig_web_copy_link&igsh=MzRlODBiNWFlZA==,,,,TRUE
78,BRAWIJAYA CHEMISTRY WEEK 2025,2025-05-17,95000,https://barium.dfxx.fun/storage/01JTD28H60QQA2XH0ZWENRFYKW.png,https://www.instagram.com/p/DJJaURJpvjR/?utm_source=ig_web_copy_link&igsh=MzRlODBiNWFlZA==,,,,TRUE
79,PEKAN SAINS NASIONAL,2025-05-17,100000,https://barium.dfxx.fun/storage/01JTD2C4XB1R81S34D281XC5R8.png,https://www.instagram.com/p/DJGnywTTOvn/?utm_source=ig_web_copy_link&igsh=MzRlODBiNWFlZA==,,,,TRUE
75,ECOFORSTUNAT,2025-05-20,0,https://barium.dfxx.fun/storage/01JTD1TRDTPC02ZP2DNT5PBN46.png,https://www.instagram.com/p/DJE0tUITjLF/?utm_source=ig_web_copy_link&igsh=MzRlODBiNWFlZA==,,,,TRUE
81,INSPIRASI AKSARA NUSANTARA,2025-05-20,45000,https://barium.dfxx.fun/storage/01JTD2Q6225XEGW6VEJ8X9GZ34.png,https://www.instagram.com/p/DJIueu0z7CP/?utm_source=ig_web_copy_link&igsh=MzRlODBiNWFlZA==,,,,TRUE
77,INTERNATIONAL SEMINAR OF WINTAS & 1 ST DIGITAL ACCOUNTING COMPETITION,2025-05-24,100000,https://barium.dfxx.fun/storage/01JTD233YQHQBKS5NC3XHV3A9B.png,https://www.instagram.com/p/DJGTNMIznQM/?utm_source=ig_web_copy_link&igsh=MzRlODBiNWFlZA==,,,,TRUE
82,FASSCOM 25 (NATIONAL ESSAY COMPETITION),2025-05-31,70000,https://barium.dfxx.fun/storage/01JTD2Z96BXJZP05R75SY9XZ7G.png,https://www.instagram.com/p/DJHMk5PzLD3/?utm_source=ig_web_copy_link&igsh=MzRlODBiNWFlZA==,,,,TRUE
87,GEMASTE 2025 NATIONAL ESSAY COMPETITION,2025-06-01,50000,https://barium.dfxx.fun/storage/01JWTMEHSQCH9GSJKN6M62SFKF.png,https://www.instagram.com/p/DJ_mZhVPF0M/?utm_source=ig_web_copy_link&igsh=MzRlODBiNWFlZA==,,,,TRUE
86,LOMBA TEORIST UKMP 2025 ESAI NASIONAL,2025-06-05,35000,https://barium.dfxx.fun/storage/01JWTM9Z1Z3WNBH6D5AEJ0B8Z9.png,https://www.instagram.com/p/DJ71kvECUzp/?utm_source=ig_web_copy_link&igsh=MzRlODBiNWFlZA==,,,,TRUE
85,"LOMBA POSTER NASIONAL '' NUSANTARA DENGAN PRODUK SUSU LOKAL""",2025-06-07,0,https://barium.dfxx.fun/storage/01JWTM1TSGY1ANZ5XDPPNYQRB1.png,https://www.instagram.com/p/DKJpwKTpgzV/?utm_source=ig_web_copy_link&igsh=MzRlODBiNWFlZA==,,,,TRUE
96,LKTI METHANOL 2025,2025-06-08,120000,https://barium.dfxx.fun/storage/01JWTQ1A0FTGV92A4JAJPBT0GA.png,https://www.instagram.com/p/DJoq-XGpgtL/?utm_source=ig_web_copy_link&igsh=MzRlODBiNWFlZA==,,,,TRUE
95,STUDENT PAPER COMPETITION,2025-06-09,100000,https://barium.dfxx.fun/storage/01JWTPVR2E9R2DYFTETHV0V5X0.png,https://www.instagram.com/p/DKJ9HVGx34i/?utm_source=ig_web_copy_link&igsh=MzRlODBiNWFlZA==,,,,TRUE
90,NATIONAL BIOTECHNOLOGY ESSAY COMPETITION (NBEC) 2025,2025-06-10,40000,https://barium.dfxx.fun/storage/01JWTN4RFR2JP9PF5PFDRJWAFE.png,https://www.instagram.com/p/DKTAxDoo38D/?utm_source=ig_web_copy_link&igsh=MzRlODBiNWFlZA==,,,,TRUE
101,BIOTECHFEST VIDEO  EDUKASI,2025-06-10,0,https://barium.dfxx.fun/storage/01JWTQX7J1H3F2MPNM5SSKQDCJ.png,https://www.instagram.com/p/DKBy8bETke1/?utm_source=ig_web_copy_link&igsh=MzRlODBiNWFlZA==,,,,TRUE
100,ENFICTION III,2025-06-12,40000,https://barium.dfxx.fun/storage/01JWTQS3KT31HHXHC9DGE64GZM.png,https://www.instagram.com/p/DKOubHzpUme/?utm_source=ig_web_copy_link&igsh=MzRlODBiNWFlZA==,,,,TRUE
99,POLFEST LOMBA ESSAY TINGKAT NASIONAL,2025-06-13,15000,https://barium.dfxx.fun/storage/01JWTQMXNP2TJS9WRPDQCV32RV.png,https://www.instagram.com/p/DKKI-DOxR4W/?utm_source=ig_web_copy_link&igsh=MzRlODBiNWFlZA==,,,,TRUE
88,PLANTATION SMART COMPETITION 2025,2025-06-14,20000,https://barium.dfxx.fun/storage/01JWTMHGJGAK11K9KCPX7S38MF.png,https://www.instagram.com/p/DKUqfS2PTu3/?utm_source=ig_web_copy_link&igsh=MzRlODBiNWFlZA==,,,,TRUE
105,BRAWIJAYA ESSAY COMPETITION 2025,2025-06-15,65000,https://barium.dfxx.fun/storage/01JXENCJ8JMJD2RP7FKN5QQ4V9.png,https://www.instagram.com/p/DKg0U18Srbr/?utm_source=ig_web_copy_link&igsh=MzRlODBiNWFlZA==,,,,TRUE
102,PEKAN RAYA POSTER MAHASISWA NASIONAL 2025,2025-06-17,60000,https://barium.dfxx.fun/storage/01JXEN25NG5G98YVTP6BDFS0PA.png,https://www.instagram.com/p/DKZzU_0TjhM/?utm_source=ig_web_copy_link&igsh=MzRlODBiNWFlZA==,,,,TRUE
92,DENTISTRY SCIENTIFIC COMPETITION INTERNATIONAL ESSAY,2025-06-18,175000,https://barium.dfxx.fun/storage/01JWTPJR34NCE3EDZAFGJANH0B.png,https://www.instagram.com/p/DKVciJrzsJb/?utm_source=ig_web_copy_link&igsh=MzRlODBiNWFlZA==,,,,TRUE
94,DINAMIS ESSAY COMPETITION,2025-06-18,30000,https://barium.dfxx.fun/storage/01JWTPQWY43VKT9AJ7MS7SD357.png,https://www.instagram.com/p/DKZIkoOO1yC/?utm_source=ig_web_copy_link&igsh=MzRlODBiNWFlZA==,,,,TRUE
97,PRISMATIC 2025,2025-06-20,40000,https://barium.dfxx.fun/storage/01JWTQ5Z87Z4JE0GC2PHN6DEMC.png,https://www.instagram.com/p/DKYS9y-vcdh/?utm_source=ig_web_copy_link&igsh=MzRlODBiNWFlZA==,,,,TRUE
98,DIPONEGORO SCIENCE COMPETITION LKTI,2025-06-20,0,https://barium.dfxx.fun/storage/01JWTQGYEDMSS6V9QCD5QVMSND.png,https://www.instagram.com/p/DJ9Ke_1pmom/?utm_source=ig_web_copy_link&igsh=MzRlODBiNWFlZA==,,,,TRUE
93,CYANIDE UDAYANA XXIX ESSAY,2025-06-21,40000,https://barium.dfxx.fun/storage/01JWTPNC8QZNKQ71T7PSPYF4ZQ.png,https://www.instagram.com/p/DKOZeD8zGqC/?utm_source=ig_web_copy_link&igsh=MzRlODBiNWFlZA==,,,,TRUE
7,LPS CALL FOR RESEARCH,2025-06-25,0,https://barium.dfxx.fun/storage/01JN1CC16MHH8YH7NA48ZZYRNK.jpg,https://www.instagram.com/share/p/BAVqipIKiQ,,,,TRUE
106,LKTI FENOL UNNES 2025,2025-06-26,125000,https://barium.dfxx.fun/storage/01JXENGZWDEW86VMVNBJZ4Z0H7.png,https://www.instagram.com/p/DKH-_zkP5Bo/?utm_source=ig_web_copy_link&igsh=MzRlODBiNWFlZA==,,,,TRUE
104,FINEST,2025-06-27,100000,https://barium.dfxx.fun/storage/01JXEN8NX0FSSBXYKD9C8J0R8G.png,https://www.instagram.com/p/DKtZSTqv7z5/?utm_source=ig_web_copy_link&igsh=MzRlODBiNWFlZA==,,,,TRUE
103,PEKAN IT 2025,2025-06-28,50000,https://barium.dfxx.fun/storage/01JXEN5G1WQGSC74GHX8TKRQDC.png,https://www.instagram.com/p/DKttBiOPNUP/?utm_source=ig_web_copy_link&igsh=MzRlODBiNWFlZA==,,,,TRUE
91,ESSAY FUSION 2025 FUTURE SYNERGY OF UNSEFA & SIFTA,2025-06-29,30000,https://barium.dfxx.fun/storage/01JWTNBHCMFK31627HW0RPX9Y4.png,https://www.instagram.com/p/DKVcbWjzJWs/?utm_source=ig_web_copy_link,,,,TRUE
84,DIPONEGORO POSTER COMPETITION,2025-06-30,0,https://barium.dfxx.fun/storage/01JWTKTENCN3KT589DWWRVMWH3.png,https://www.instagram.com/p/DJ6o0x_JScC/?utm_source=ig_web_copy_link&igsh=MzRlODBiNWFlZA==,,,,TRUE
89,LOMBA POSTER BANK INDONESIA,2025-06-30,0,https://barium.dfxx.fun/storage/01JWTN04WK4210HCY86YGNF74F.png,https://www.instagram.com/p/DKVc4CXzIAm/?utm_source=ig_web_copy_link,,,,TRUE
113,BMC AMBITION 2025,2025-07-04,125000,https://barium.dfxx.fun/storage/01JZ8CP5Y05FQTR2H3JPPEFTTG.png,https://www.instagram.com/p/DLhcxmWvWBI/?utm_source=ig_web_copy_link&igsh=MzRlODBiNWFlZA==,,,,TRUE
120,[Industrial Engineering Competition 2025 – EXTENDED until 5 July! ],2025-07-05,30000,https://barium.dfxx.fun/storage/01JZ8DPXG84V27RK0B83VQFGH8.png,https://www.instagram.com/p/DLmT0MnJ-4A/?utm_source=ig_web_copy_link&igsh=MzRlODBiNWFlZA==,,,,TRUE
117,[PELATIHAN KALIBRASI ALAT UKUR LABORATORIUM BATCH 9],2025-07-06,0,https://barium.dfxx.fun/storage/01JZ8D7Y22Q4215R5GH4S37K1B.png,https://www.instagram.com/p/DLo5K-ipLTA/?utm_source=ig_web_copy_link&igsh=MzRlODBiNWFlZA==,,,,TRUE
116,LOMBA POSTER PINTAR,2025-07-08,0,https://barium.dfxx.fun/storage/01JZ8D52YMD15MTR4GBY0Y2FEY.png,https://www.instagram.com/p/DLpaapTSMhP/?utm_source=ig_web_copy_link,,,,TRUE
115,POSTER HEALCAST SOSM 2025,2025-07-09,70000,https://barium.dfxx.fun/storage/01JZ8CZA5K6A1E69J7G0NR7YJ8.png,https://www.instagram.com/p/DLe7KwmPvUu/?utm_source=ig_web_copy_link&igsh=MzRlODBiNWFlZA==,,,,TRUE
122,VETCONE 2025,2025-07-10,70000,https://barium.dfxx.fun/storage/01JZ8DY74HYBNA4MVEBBRNCXVW.png,https://www.instagram.com/p/DLeqk_IpV9R/?utm_source=ig_web_copy_link&igsh=MzRlODBiNWFlZA==,,,,TRUE
123,[GELOMBANG 1] CEPTION,2025-07-10,110000,https://barium.dfxx.fun/storage/01JZ9MR86S1MSVVYJ83MVRKYMK.png,https://www.instagram.com/p/DLeBsswBs4-/?img_index=1&igsh=MTRsaWlidjI1aG1hZg==,,,,TRUE
112,Pendaftaran Lomba Esai Nasional GELASI 2025,2025-07-11,40000,https://barium.dfxx.fun/storage/01JZ8CJ2HNQSGSGJNM589SZ8YN.png,https://www.instagram.com/p/DLjilZJvFiE/?utm_source=ig_web_copy_link&igsh=MzRlODBiNWFlZA==https://www.instagram.com/p/DLjilZJvFiE/?utm_source=ig_web_copy_link&igsh=MzRlODBiNWFlZA==,,,,TRUE
121,LKTI-N 2025,2025-07-12,80000,https://barium.dfxx.fun/storage/01JZ8DT97Q0JY89NK0VADK7GTR.png,https://www.instagram.com/p/DLjkPMXJV1m/?utm_source=ig_web_copy_link&igsh=MzRlODBiNWFlZA==,,,,TRUE
111,POSTER NATIONAL ENGLISH SKILLS COMPETITIONS E.S.A 2025,2025-07-13,15000,https://barium.dfxx.fun/storage/01JZ8CD2PYMS02WHCM3YVWP8TF.png,https://www.instagram.com/p/DLlii4EPHiN/?utm_source=ig_web_copy_link&igsh=MzRlODBiNWFlZA==,,,,TRUE
108,INNOVATION PAPER COMPETITION,2025-07-14,0,https://barium.dfxx.fun/storage/01JZ8BW2TVRASQAHYCRCEPQWDK.png,https://www.instagram.com/p/DLojJr-vQAW/?utm_source=ig_web_copy_link&igsh=MzRlODBiNWFlZA==,,,,TRUE
114,DEFINE NATIONAL BUSINESS PLAN COMPETITION,2025-07-17,40000,https://barium.dfxx.fun/storage/01JZ8CS6J1BG328NPV4292GWR2.png,https://www.instagram.com/p/DLhBS4sPzK-/?utm_source=ig_web_copy_link&igsh=MzRlODBiNWFlZA==,,,,TRUE
109,LKTI ALCOFE 19,2025-07-21,0,https://barium.dfxx.fun/storage/01JZ8C3N86XQSX4JQ3QV66VZNW.png,https://www.instagram.com/p/DLmv7LUPAxt/?utm_source=ig_web_copy_link,,,,TRUE
119,[INJECTION EPW 16 ITS 2025],2025-07-21,0,https://barium.dfxx.fun/storage/01JZ8DKGTRJTE1NF1KVA1ZKPV1.png,https://www.instagram.com/p/DLomaYIp1-a/?utm_source=ig_web_copy_link&igsh=MzRlODBiNWFlZA==,,,,TRUE
118,[OPEN REGISTRATION POSTER AND SCIENTIFIC ESSAY COMPETITION EPIDEMIC 2025],2025-07-22,0,https://barium.dfxx.fun/storage/01JZ8DGSCD7EX87M220QF920C9.png,https://www.instagram.com/p/DLoRgm1JiYT/?utm_source=ig_web_copy_link&igsh=MzRlODBiNWFlZA==,,,,TRUE
107,ECODAYS NATIONAL ESSAY COMPETITION,2025-07-23,60000,https://barium.dfxx.fun/storage/01JZ8BMSQS9J2MTKZZ44MZX93Z.png,https://www.instagram.com/p/DLjjddoSuov/?utm_source=ig_web_copy_link,,,,TRUE
110,"GLOBAL STUDENT AWARDS FOR HEALTH (LITERATURE REVIEW, INFOGRAFIS)",2025-07-24,0,https://barium.dfxx.fun/storage/01JZ8C943F9YRXW7D9C5A0HF40.png,https://www.instagram.com/p/DLmWi6RPqAI/?utm_source=ig_web_copy_link&igsh=MzRlODBiNWFlZA==,,,,TRUE
133,CALL FOR PAPER,2025-08-03,160000,https://barium.dfxx.fun/storage/01K1SHNNFXMC4VF5FP88W6AC5F.png,https://www.instagram.com/p/DM4aV8_pAzA/?utm_source=ig_web_copy_link&igsh=MzRlODBiNWFlZA==,,,,TRUE
127,CIIF 3.0,2025-08-05,65000,https://barium.dfxx.fun/storage/01K1SGFS1EZ3KQ3P4X407YK9Q5.png,https://www.instagram.com/p/DMgGFQKTd7w/?utm_source=ig_web_copy_link&igsh=MzRlODBiNWFlZA==,,,,TRUE
137,BMC AGROPRENEUR,2025-08-05,80000,https://barium.dfxx.fun/storage/01K1SJ486J0DBMK1TY7NVHJ46N.png,https://www.instagram.com/p/DMyrbWfzEh-/?utm_source=ig_web_copy_link&igsh=MzRlODBiNWFlZA==,,,,TRUE
128,FAST 2025 ESSAY COMPETITION,2025-08-07,30000,https://barium.dfxx.fun/storage/01K1SGKWW5B6F8EVW26AWMRQR3.png,https://www.instagram.com/p/DMMrjY4yYs7/?utm_source=ig_web_copy_link&igsh=MzRlODBiNWFlZA==,,,,TRUE
130,LOMBA ESAI SPESIAL KEMERDEKAAN INDONESIA,2025-08-07,30000,https://barium.dfxx.fun/storage/01K1SH9VGRFNV3ABCVRDRNJ3B7.png,https://www.instagram.com/p/DM4xs_np6hg/?utm_source=ig_web_copy_link&igsh=MzRlODBiNWFlZA==,,,,TRUE
131,LOMBA ESSAY NASIONAL,2025-08-10,40000,https://barium.dfxx.fun/storage/01K1SHF9XYNWQ1AVE3HT2EW2T7.png,https://www.instagram.com/p/DM4wKzep-K3/?utm_source=ig_web_copy_link&igsh=MzRlODBiNWFlZA==,,,,TRUE
132,KOMESCOM [KOMPRES ESSAY COMPETITION],2025-08-14,49999,https://barium.dfxx.fun/storage/01K1SHJWJVVQ1DSSJHP33DMSBN.png,https://www.instagram.com/p/DM4f1ykpX3E/?utm_source=ig_web_copy_link&igsh=MzRlODBiNWFlZA==,,,,TRUE
138,EXCLUSIVE WEBINAR FOOD SAFETY : SCIENCE IN ACTION,2025-08-19,0,https://barium.dfxx.fun/storage/01K314HZ9AZV9W8FHYM5T7Q8YS.jpg,,,,,TRUE
136,LOMBA EAI NASIONAL KIMIA 2025,2025-08-20,85000,https://barium.dfxx.fun/storage/01K1SJ11BYTNHT2ZSJRKKMWBCM.png,https://www.instagram.com/p/DMyruchT1pg/?utm_source=ig_web_copy_link&igsh=MzRlODBiNWFlZA==,,,,TRUE
124,BUSINESS PLAN COMPETITION,2025-08-22,0,https://barium.dfxx.fun/storage/01K1SFYQAACKAY3R25XSEADHAZ.png,https://www.instagram.com/p/DM4gmOLSiLZ/?utm_source=ig_web_copy_link,,,,TRUE
135,LKTIN HIMAGEO UNSIL 2025,2025-08-22,0,https://barium.dfxx.fun/storage/01K1SHY6D2VY84V2EE0VJJJ5AA.png,https://www.instagram.com/p/DMzeGsOp_oL/?utm_source=ig_web_copy_link&igsh=MzRlODBiNWFlZA==,,,,TRUE
129,LIMAS INTERNATIONL XXV [ESSAY COMPETITION],2025-08-25,85000,https://barium.dfxx.fun/storage/01K1SH7Y74P9H84SBZ9N5B8X2V.png,https://www.instagram.com/p/DMKNh4UySzZ/?utm_source=ig_web_copy_link&igsh=MzRlODBiNWFlZA==,,,,TRUE
134,INVASI INOVASI SAINS [ESAI DAN LKTI],2025-08-27,55000,https://barium.dfxx.fun/storage/01K1SHVN8TGV2EPF75AT2E2CCH.png,https://www.instagram.com/p/DMzeZyhp7we/?utm_source=ig_web_copy_link&igsh=MzRlODBiNWFlZA==,,,,TRUE
125,BIOCOMPACT ESSAY COMPETITION,2025-08-28,0,https://barium.dfxx.fun/storage/01K1SG8V6M2BC6AYQYPVRJD51W.png,https://www.instagram.com/p/DMq9HTCznGj/?utm_source=ig_web_copy_link&igsh=MzRlODBiNWFlZA==,,,,TRUE
126,EKSPLORA LOMBA ESSAY,2025-08-30,20000,https://barium.dfxx.fun/storage/01K1SGD05QRKRTEZHMV4ZS7KMP.png,https://www.instagram.com/p/DMgGeC4TCeb/?utm_source=ig_web_copy_link&igsh=MzRlODBiNWFlZA==,,,,TRUE
139,SPACE 2.0 UKM KEWIRAUSAHAAN 2025,2025-09-04,75000,https://barium.dfxx.fun/storage/01K3ZHMVD0Q3W74SZMAZF57H0Z.png,https://www.instagram.com/p/DN_4vsaEma-/?utm_source=ig_web_copy_link&igsh=MzRlODBiNWFlZA==,https://linktr.ee/Space.unnes,,,TRUE
149,𝐍𝐁𝐂𝐂 𝟐𝟎𝟐𝟓 BUSINESS CASE COMPETITION,2025-09-07,245000,https://barium.dfxx.fun/storage/01K3ZJXWR596KV0GA58GMBK5AT.png,https://www.instagram.com/p/DN1kpJXZESJ/?utm_source=ig_web_copy_link&igsh=MzRlODBiNWFlZA==,https://bit.ly/REGISTFORMNBCC2025,,,TRUE
145,[ERCFEST 2025 ESSAY COMPETITION],2025-09-08,65000,https://barium.dfxx.fun/storage/01K3ZJEMSEQVHX5Q7HZ9B0K3N9.png,https://www.instagram.com/p/DN5HwURj0yB/?utm_source=ig_web_copy_link&igsh=MzRlODBiNWFlZA==,,,,TRUE
143,[SPEEDFEST 2025: ESSAY COMPETITION],2025-09-09,50000,https://barium.dfxx.fun/storage/01K3ZJ6SRW1V16D6JRQVC45WQ9.png,https://www.instagram.com/p/DN7mBEID-Hz/?utm_source=ig_web_copy_link&igsh=MzRlODBiNWFlZA==,,,,TRUE
140,BRISA IMPACT Vol. 1 – International Paper Competition,2025-09-14,0,https://barium.dfxx.fun/storage/01K3ZHVFC3YWGZD98391VCFF71.png,https://www.instagram.com/p/DN95S-Rj3XP/?utm_source=ig_web_copy_link&igsh=MzRlODBiNWFlZA==,https://bit.ly/FULLPAPERTRACKBRISAIMPACTVOL1,,,TRUE
146,National Essay & Business Plan Competition  Cipta Nusantara Fest 2025 – Chapter Yogyakarta,2025-09-14,40000,https://barium.dfxx.fun/storage/01K3ZJHRY2G29YG5MAYS72ERV4.png,https://www.instagram.com/p/DN451W5D7t4/?utm_source=ig_web_copy_link&igsh=MzRlODBiNWFlZA==,,,,TRUE
148,ISEEC BUSINESS CASE COMPETITION 2025,2025-09-16,170000,https://barium.dfxx.fun/storage/01K3ZJS2FS86D1SB6YVTE8VSQ4.png,https://www.instagram.com/p/DN1vTfGXomT/?utm_source=ig_web_copy_link&igsh=MzRlODBiNWFlZA==,,,,TRUE
144,[Materializing the Future: The Material Transformation Toward Sustainability♻],2025-09-17,80000,https://barium.dfxx.fun/storage/01K3ZJB2ZQ9K7F0ATH7FSQNFCF.png,https://www.instagram.com/p/DN6vlwBEs7c/?utm_source=ig_web_copy_link&igsh=MzRlODBiNWFlZA==,,,,TRUE
141,National Business Plan Competition 2025,2025-09-22,0,https://barium.dfxx.fun/storage/01K3ZHYQD46DBB0SHGDQGBKCWX.png,https://www.instagram.com/p/DN8HPzTj98o/?utm_source=ig_web_copy_link&igsh=MzRlODBiNWFlZA==,,,,TRUE
147,Lomba Karya Jurnalistik 2025,2025-09-29,0,https://barium.dfxx.fun/storage/01K3ZJP6MWTS2ZCRY0H9J7F8SM.png,https://www.instagram.com/p/DN1-Gbx3rdl/?utm_source=ig_web_copy_link&igsh=MzRlODBiNWFlZA==,,,,TRUE
142,𝗞𝗢𝗠𝗣𝗘𝗧𝗜𝗦𝗜 𝗘𝗦𝗔𝗜 𝗡𝗔𝗦𝗜𝗢𝗡𝗔𝗟 𝟮𝟬𝟮𝟱  “𝘈𝘐: 𝘔𝘦𝘯𝘥𝘰𝘳𝘰𝘯𝘨 𝘒𝘦𝘮𝘢𝘫𝘶𝘢𝘯 𝘗𝘦𝘳𝘢𝘥𝘢𝘣𝘢𝘯 𝘢𝘵𝘢𝘶 𝘔𝘦𝘯𝘫𝘢𝘥𝘪 𝘗𝘦𝘯𝘨𝘩𝘢𝘮𝘣𝘢𝘵?”,2025-09-30,0,https://barium.dfxx.fun/storage/01K3ZJ3C0F9P1R7DVPSRXE779F.png,https://www.instagram.com/p/DN7tDADDzoT/?utm_source=ig_web_copy_link&igsh=MzRlODBiNWFlZA==,,,,TRUE
157,MATRIX UI 2025 ESSAY COMPETITION,2025-10-01,25000,https://barium.dfxx.fun/storage/01K70P5QPBYZ638RNWZWHTNDE7.png,https://www.instagram.com/p/DPSv-dkD1YH/?utm_source=ig_web_copy_link&igsh=MzRlODBiNWFlZA==,,,,TRUE
162,ISCAAS CALL FOR ABSTRAK,2025-10-08,0,https://barium.dfxx.fun/storage/01K70QAGQR7SWQ3A81GVKFJVG4.png,https://www.instagram.com/p/DPU0XcCjwaA/?utm_source=ig_web_copy_link&igsh=MzRlODBiNWFlZA==,,,,TRUE
151,IRPC INTERNATIONAL RESEARCH PAPER COMPETITION SINGAPORE 2025,2025-10-09,0,https://barium.dfxx.fun/storage/01K6ZAYXN0P7MB65QCR84RE4EW.png,https://www.instagram.com/p/DPgEOmkCfru/?utm_source=ig_web_copy_link&igsh=MzRlODBiNWFlZA==,,,,TRUE
150,SOCREATION 11 ESSAY COMPETITION,2025-10-10,40000,https://barium.dfxx.fun/storage/01K6ZAVP28RYZJAT82BNVY7T42.png,https://www.instagram.com/p/DPeAVVpiUta/?utm_source=ig_web_copy_link&igsh=MzRlODBiNWFlZA==,,,,TRUE
159,BUSINESS PLAN COMPETITION,2025-10-10,79000,https://barium.dfxx.fun/storage/01K70PZPE7ENW3MJ581FDT6FN7.png,https://www.instagram.com/p/DPajnG8CRNw/?utm_source=ig_web_copy_link&igsh=MzRlODBiNWFlZA==,,,,TRUE
165,DIGITAL CANVAS,2025-10-10,50000,https://barium.dfxx.fun/storage/01K70QZDQZV6AVX6HDVWK1N3S1.png,https://www.instagram.com/p/DPckBT_jyeN/?utm_source=ig_web_copy_link&igsh=MzRlODBiNWFlZA==,,,,TRUE
156,IGNITE 2025 INNOVATIVE GROWTH NAVIGATING IDEAS THROUGH ENTREPRENEURSHIP,2025-10-11,0,https://barium.dfxx.fun/storage/01K6ZBHJPJC2SDE84KG3SK6WPC.png,https://www.instagram.com/p/DPgCJL-iSyI/?utm_source=ig_web_copy_link&igsh=MzRlODBiNWFlZA==,,,,TRUE
158,ESSAY COMPETITION,2025-10-13,50000,https://barium.dfxx.fun/storage/01K70P8ZD896YH1W208H0E5S02.png,https://www.instagram.com/p/DPXYjUfj5x3/?utm_source=ig_web_copy_link&igsh=MzRlODBiNWFlZA==,,,,TRUE
164,LOMBA MENULIS CERITA HIDUPKU,2025-10-16,0,https://barium.dfxx.fun/storage/01K70QWW0KNCNQMSXCZGJFQ7P9.png,https://www.instagram.com/p/DPaZvlYjwvZ/?utm_source=ig_web_copy_link&igsh=MzRlODBiNWFlZA==,,,,TRUE
163,MULTIMEDIA IN ACTION 2025,2025-10-17,0,https://barium.dfxx.fun/storage/01K70QSY5EV1XV3Q2WDWRW0ZCH.png,https://www.instagram.com/p/DPZ7TECjyME/?utm_source=ig_web_copy_link&igsh=MzRlODBiNWFlZA==,,,,TRUE
152,EVENT GRATIS 2025 GENERASI MENULIS,2025-10-19,0,https://barium.dfxx.fun/storage/01K6ZB28MMN6QJSHHDGH1PN8BK.png,https://www.instagram.com/p/DPeAVVpiUta/?utm_source=ig_web_copy_link&igsh=MzRlODBiNWFlZA==,,,,TRUE
160,KOMPETISI ESAI NASIONAL,2025-10-19,0,https://barium.dfxx.fun/storage/01K70Q4AZQ6HETBYK26H09AJTZ.png,https://www.instagram.com/p/DPYhf7Ej5r1/?utm_source=ig_web_copy_link&igsh=MzRlODBiNWFlZA==,,,,TRUE
154,GENOVATE FESTIVAL 2.0,2025-10-20,0,https://barium.dfxx.fun/storage/01K6ZBB0ZK6VGHDQPBPB0EBF4V.png,https://www.instagram.com/p/DPgWY9Hics7/?utm_source=ig_web_copy_link&igsh=MzRlODBiNWFlZA==,,,,TRUE
161,DIGITAL BUSINESS MODEL CANVAS COMPETITION,2025-10-20,0,https://barium.dfxx.fun/storage/01K70Q7HJY82ZPVCJQ5VZQTRK8.png,https://www.instagram.com/p/DPYK2u7D2_q/?utm_source=ig_web_copy_link&igsh=MzRlODBiNWFlZA==,,,,TRUE
168,ENTEREPRENEUR BUSINESS CHALLENGE COMPETITION 7.0,2025-10-23,75000,https://barium.dfxx.fun/storage/01K70R9FPRMV7PY5ET5XSSVKSM.png,https://www.instagram.com/p/DPfocXeD4tE/?utm_source=ig_web_copy_link&igsh=MzRlODBiNWFlZA==,,,,TRUE
166,UNIFAW UNNES ISLAMIC FAIR AND AL- AQSHA AWARENESS WEEK,2025-10-25,160000,https://barium.dfxx.fun/storage/01K70R3HSWNEA1Y82YG92GR0X7.png,https://www.instagram.com/p/DPeAVhqj9Mv/?utm_source=ig_web_copy_link&igsh=MzRlODBiNWFlZA==,,,,TRUE
169,INTERNATIONAL POSTER COMPETITION,2025-10-28,60000,https://barium.dfxx.fun/storage/01K70RBXES5ZG2YY66VDZB6AS7.png,https://www.instagram.com/p/DPh32q_Dw-i/?utm_source=ig_web_copy_link&igsh=MzRlODBiNWFlZA==,,,,TRUE
167,PESTA KIMIA,2025-10-30,0,https://barium.dfxx.fun/storage/01K70R65QQ9K2YWRA4NQ4ED88P.png,https://www.instagram.com/p/DPfb3ssjzz-/?utm_source=ig_web_copy_link&igsh=MzRlODBiNWFlZA==,,,,TRUE
153,AGT FAIR POSTER NASIONAL,2025-10-31,30000,https://barium.dfxx.fun/storage/01K6ZB63JNPX0NWYX7HF3M7Z7T.png,https://www.instagram.com/p/DPgM5KhiRNm/?utm_source=ig_web_copy_link&igsh=MzRlODBiNWFlZA==,,,,TRUE
155,GARUDA NATIONAL ESSAY COMPETITION,2025-10-31,0,https://barium.dfxx.fun/storage/01K6ZBDR1QZZSZ4PQ0556AHSEB.png,https://www.instagram.com/p/DPgWe6ECU7h/?utm_source=ig_web_copy_link&igsh=MzRlODBiNWFlZA==,,,,TRUE
171,Yoult Economics Science Competition 2025,2025-11-01,0,https://barium.dfxx.fun/storage/01K946FBGTA22MDHAW9RY7CQZK.png,https://www.instagram.com/p/DQaQAc6k30_/?utm_source=ig_web_copy_link&igsh=MzRlODBiNWFlZA==,,,,TRUE
172,NATIONAL BUSINESS PLAN & BUSINESS POSTER COMPETITION 2025,2025-11-03,370000,https://barium.dfxx.fun/storage/01K946JZSQ7AQSGCQBVJX12PZT.png,https://www.instagram.com/p/DQd8IPvDzBd/?utm_source=ig_web_copy_link&igsh=MzRlODBiNWFlZA==,,,,TRUE
177,LOMBA INFOGRAFIS,2025-11-03,0,https://barium.dfxx.fun/storage/01K94769ZR0KAXH4FC25KXKBCE.png,https://www.instagram.com/p/DQdRnNFEwQH/?utm_source=ig_web_copy_link&igsh=MzRlODBiNWFlZA==,,,,TRUE
180,TES TOEFL GRATIS,2025-11-03,0,https://barium.dfxx.fun/storage/01K947H2W7BYAW5BES9AV4PZMD.png,https://www.instagram.com/p/DQf4Bh8CdZp/?utm_source=ig_web_copy_link&igsh=MzRlODBiNWFlZA==,,,,TRUE
175,DIPONEGORO POSTER COMPETITION #2,2025-11-04,0,https://barium.dfxx.fun/storage/01K946ZHT844R55JJ9W6DDQQZ7.png,https://www.instagram.com/p/DQREMKGkRSJ/?utm_source=ig_web_copy_link&igsh=MzRlODBiNWFlZA==,,,,TRUE
179,THE 6 th NATIONAL BUSINESS PLAN COMPETITION,2025-11-05,120000,https://barium.dfxx.fun/storage/01K947EXDTNAQD7XG6CHB91D13.png,https://www.instagram.com/p/DQgLkJvEtq9/?utm_source=ig_web_copy_link&igsh=MzRlODBiNWFlZA==,,,,TRUE
191,LOMBA ESAI MUSLIMAH,2025-11-05,35000,https://barium.dfxx.fun/storage/01K97DPZSTTKZ0KBTEP1WC578F.png,https://www.instagram.com/p/DQl2VMXk8_m/?utm_source=ig_web_copy_link&igsh=MzRlODBiNWFlZA==,,,,TRUE
170,ESSAY CARBON,2025-11-07,50000,https://barium.dfxx.fun/storage/01K9467MDB32WWJK3TKFAD7GHD.png,https://www.instagram.com/p/DQjaVwBj98V/?utm_source=ig_web_copy_link&igsh=MzRlODBiNWFlZA==https://www.instagram.com/p/DQjaVwBj98V/?utm_source=ig_web_copy_link&igsh=MzRlODBiNWFlZA==,,,,TRUE
178,LOMBA KARYA TULIS ILMIAH,2025-11-08,50000,https://barium.dfxx.fun/storage/01K9478G1ZQSG2R7DFXJMZG62X.png,https://www.instagram.com/p/DQYY1Atkyae/?utm_source=ig_web_copy_link&igsh=MzRlODBiNWFlZA==,,,,TRUE
184,PELATIHAN GRATIS ISO 17025:2017,2025-11-08,0,https://barium.dfxx.fun/storage/01K9482488T7MAM9RTCN5W1MM6.png,https://www.instagram.com/p/DQgs11fiQMF/?utm_source=ig_web_copy_link&igsh=MzRlODBiNWFlZA==,,,,TRUE
190,[WORKSHOP 2025: KARYA TULIS ILMIAH],2025-11-08,20000,https://barium.dfxx.fun/storage/01K97D91WWN2JMZZHDE58GZ3VB.png,https://www.instagram.com/p/DQl2i9Hk2AO/?utm_source=ig_web_copy_link&igsh=MzRlODBiNWFlZA==,,,,TRUE
181,NACOPS 6.0 BUSINESS PLAN COMPETITION,2025-11-09,0,https://barium.dfxx.fun/storage/01K947NYEE313KH3WW72ENBR3H.png,https://www.instagram.com/p/DQf14pMj4HP/?utm_source=ig_web_copy_link&igsh=MzRlODBiNWFlZA==,,,,TRUE
185,NACOPS BUSINESS PLAN COMPETITION,2025-11-09,150000,https://barium.dfxx.fun/storage/01K97BGCNVCWTJPDM9G4GMFB0M.png,https://www.instagram.com/p/DQg1kCiE52L/?utm_source=ig_web_copy_link&igsh=MzRlODBiNWFlZA==,,,,TRUE
187,SEMINAR & TALKSHOW NASIONAL 2025,2025-11-09,0,https://barium.dfxx.fun/storage/01K97C1RAMWBE79Y6M5BZEGM0R.jpg,https://www.instagram.com/p/DQeStLPj5OT/?utm_source=ig_web_copy_link&igsh=MzRlODBiNWFlZA==,https://bit.ly/PendaftaranSEMTALK2025,,,TRUE
188,[Rangkaian Lomba Bulan Bahasa Kami Bercerita 2025],2025-11-09,35000,https://barium.dfxx.fun/storage/01K97C9BRZ1MCEYESZEV09V0AW.png,https://www.instagram.com/p/DQa-bHJEteg/?utm_source=ig_web_copy_link&igsh=MzRlODBiNWFlZA==,https://bit.ly/PanduanLombaBB25,,,TRUE
183,ESSAY ENGLISH NATIONAL COMPETITION,2025-11-10,60000,https://barium.dfxx.fun/storage/01K947WM3R46PDKZEZ4M41KN2H.png,https://www.instagram.com/p/DQgurpnD1uI/?utm_source=ig_web_copy_link&igsh=MzRlODBiNWFlZA==,,,,TRUE
173,MONETION,2025-11-11,0,https://barium.dfxx.fun/storage/01K946Q9RYK3XW7HAS3C6WZB9M.png,https://www.instagram.com/p/DQd8IPvDzBd/?utm_source=ig_web_copy_link&igsh=MzRlODBiNWFlZA==,,,,TRUE
182,SRIWIJAYA NATIONAL ESSAY COMPETITION,2025-11-15,0,https://barium.dfxx.fun/storage/01K947RW27DQD3JY5SC29XX266.png,https://www.instagram.com/p/DQgBGiAj5uA/?utm_source=ig_web_copy_link&igsh=MzRlODBiNWFlZA==,,,,TRUE
176,ESSAY COMPETITION ''A Collaboration Project between Duta Ragam Nusantara & Duta Pesona Nusantara'',2025-11-16,30000,https://barium.dfxx.fun/storage/01K9473CGVDYKR6HN9MJGJW2KG.png,https://www.instagram.com/p/DQVqUpXElbk/?utm_source=ig_web_copy_link&igsh=MzRlODBiNWFlZA==,,,,TRUE
186,RAGAM FESTIVAL ESSAY COMPETITION,2025-11-17,40000,https://barium.dfxx.fun/storage/01K97BP42QQAP3NN22Q04119B5.png,https://www.instagram.com/p/DQg1kCiE52L/?utm_source=ig_web_copy_link&igsh=MzRlODBiNWFlZA==,,,,TRUE
174,ESSAY COMPETITION,2025-11-20,250000,https://barium.dfxx.fun/storage/01K946T9TRW9PGSXTHNF4N697F.png,https://www.instagram.com/p/DQd8IPvDzBd/?utm_source=ig_web_copy_link&igsh=MzRlODBiNWFlZA==,,,,TRUE
189,LKTIN CARTS 2026,2025-11-30,100000,https://barium.dfxx.fun/storage/01K97D6KJARCR4Y9KR1Y6ASPZ3.png,https://www.instagram.com/p/DQl3CMIgVMP/?utm_source=ig_web_copy_link&igsh=MzRlODBiNWFlZA==,,,,TRUE
193,KOMPETISI MENULIS ESAI SATELIT TINGKAT NASIONAL 2025,2025-12-01,0,https://barium.dfxx.fun/storage/01KBSYXYSMR1QY2M6FG0RBT9QF.png,https://www.instagram.com/p/DRO2z2ekkf-/?utm_source=ig_web_copy_link&igsh=MzRlODBiNWFlZA==,,,,TRUE
198,NATIONAL COMPETITION INSIGHT CHALLENGE,2025-12-01,0,https://barium.dfxx.fun/storage/01KBSZH2WQDAS0716N3ZD58KY0.png,https://www.instagram.com/p/DRjtTzgj8Ts/?utm_source=ig_web_copy_link&igsh=MzRlODBiNWFlZA==,,,,TRUE
200,ENERGY WEEK 2025 LOMBA POSTER ILMIAH,2025-12-05,0,https://barium.dfxx.fun/storage/01KBSZSJJMGF9KZGA5A83GZWR9.png,https://www.instagram.com/p/DRggGoKjx2G/?utm_source=ig_web_copy_link&igsh=MzRlODBiNWFlZA==,,,,TRUE
196,LKTI UII PEDULI,2025-12-06,0,https://barium.dfxx.fun/storage/01KBSZAEM9GG8Z0MXR899XXYHD.png,https://www.instagram.com/p/DRvfqyRj23Y/?utm_source=ig_web_copy_link&igsh=MzRlODBiNWFlZA==,,,,TRUE
203,LOMBA POSTER NASIONAL 2025,2025-12-07,0,https://barium.dfxx.fun/storage/01KBT09VD9F5AD27ZMK448ZVYB.png,https://www.instagram.com/p/DR3ftQpE35w/?utm_source=ig_web_copy_link&igsh=MzRlODBiNWFlZA==,,,,TRUE
195,BMC UPM,2025-12-09,180000,https://barium.dfxx.fun/storage/01KBSZ7KBVM85T8FRFT70QEWX3.png,https://www.instagram.com/p/DRv_r4aD4Ny/?utm_source=ig_web_copy_link&igsh=MzRlODBiNWFlZA==,,,,TRUE
197,LOMBA NEXT GEN BMC NATIONAL,2025-12-10,50000,https://barium.dfxx.fun/storage/01KBSZDNG63ZJ9G0ZS1R8PV5NV.png,https://www.instagram.com/p/DRoqpyyj4ee/?utm_source=ig_web_copy_link&igsh=MzRlODBiNWFlZA==,,,,TRUE
194,BMC SPA,2025-12-11,0,https://barium.dfxx.fun/storage/01KBSZ251FTKP0FZFSM8PW1VC4.png,https://www.instagram.com/p/DR5z543D-5-/?utm_source=ig_web_copy_link&igsh=MzRlODBiNWFlZA==,,,,TRUE
202,KOMPETISI BUSINESS PLAN,2025-12-15,0,https://barium.dfxx.fun/storage/01KBT05MXBDZ4MH1S4AVR4SFFA.png,https://www.instagram.com/p/DR6BFNwj2yM/?utm_source=ig_web_copy_link&igsh=MzRlODBiNWFlZA==,,,,TRUE
199,ESSAY COMPETITION,2025-12-17,0,https://barium.dfxx.fun/storage/01KBSZME1CXA97BD3TD3TSKHY7.png,https://www.instagram.com/p/DRjey0Yjy2y/?utm_source=ig_web_copy_link&igsh=MzRlODBiNWFlZA==,,,,TRUE
204,LOMBA ESAI IDEAFEST,2025-12-25,35000,https://barium.dfxx.fun/storage/01KBT0EGWG84DVZEWG7VCCN8KG.png,https://www.instagram.com/p/DRWQ5YPkac6/?utm_source=ig_web_copy_link&igsh=MzRlODBiNWFlZA==,,,,TRUE
206,ESSAY COMPETITION 2025 STIEKEN,2025-12-27,30000,https://barium.dfxx.fun/storage/01KBT0MY4GNB6N78CW55EKEGF2.png,https://www.instagram.com/p/DR6Uq2MkeVT/?utm_source=ig_web_copy_link&igsh=MzRlODBiNWFlZA==,,,,TRUE
201,KOMPETISI MENULIS NASIONAL,2025-12-30,0,https://barium.dfxx.fun/storage/01KBSZZRGMWM38ZXNPXG2ZQQR1.png,https://www.instagram.com/p/DR6BFNwj2yM/?utm_source=ig_web_copy_link&igsh=MzRlODBiNWFlZA==,,,,TRUE
205,SOEDIRMAN ESSAY COMPETITION,2025-12-30,0,https://barium.dfxx.fun/storage/01KBT0HKDHWHRSAW7PEWB86AVB.png,https://www.instagram.com/p/DR6yWoHk_DN/?utm_source=ig_web_copy_link&igsh=MzRlODBiNWFlZA==,,,,TRUE
192,INNOVERA 2026 NATIONAL UI/UX DESIGN COMPETITION,2025-12-31,50000,https://barium.dfxx.fun/storage/01KBSYMT36EJYZGW9Q0XJF70J4.png,https://www.instagram.com/p/DR109AxEd2z/?utm_source=ig_web_copy_link&igsh=MzRlODBiNWFlZA==,,,,TRUE
207,MANDALIKA ESSAY COMPETITION,2025-12-31,48000,https://barium.dfxx.fun/storage/01KBT0S2GQANHSEMMA4SBTB2R6.png,https://www.instagram.com/p/DR3U8psk1Ob/?utm_source=ig_web_copy_link&igsh=MzRlODBiNWFlZA==,,,,TRUE
214,PLANOVATION 2.0 BUSINESS PLAN COMPETITION,2026-01-05,25000,https://barium.dfxx.fun/storage/01KE9EA6QF1Z46SQ7TWFQJQ4KM.png,https://www.instagram.com/p/DSwVvdHj4gH/?utm_source=ig_web_copy_link&igsh=MzRlODBiNWFlZA==,,,,TRUE
210,IGNITE FUTURE FEST,2026-01-18,0,https://barium.dfxx.fun/storage/01KE9DVGNZB1D86DZD58VSZCJN.png,https://www.instagram.com/p/DS6bh-fD0c9/?utm_source=ig_web_copy_link&igsh=MzRlODBiNWFlZA==,,,,TRUE
209,📢✨ FESTIVAL ILMIAH SANTRI 2026✨📢,2026-01-19,40000,https://barium.dfxx.fun/storage/01KE9DRKZGRM5D4XEZ5V5C7V0Z.png,https://www.instagram.com/p/DS9BGT-D5os/?utm_source=ig_web_copy_link&igsh=MzRlODBiNWFlZA==,,,,TRUE
211,DINUS FEST,2026-01-19,50019,https://barium.dfxx.fun/storage/01KE9E07HTG6B4K09CCF142TQ9.png,https://www.instagram.com/p/DS4E-WlD1se/?utm_source=ig_web_copy_link&igsh=MzRlODBiNWFlZA==,,,,TRUE
215,RESEARCH PAPER COMPETITION,2026-01-20,85000,https://barium.dfxx.fun/storage/01KE9EDH2KE96P5K5GJXH4Y2XY.png,https://www.instagram.com/p/DSuK1MDjx-J/?utm_source=ig_web_copy_link&igsh=MzRlODBiNWFlZA==,,,,TRUE
213,"AKSI ""AJANG KREASI LOMBA ESAI NASIONAL 2025""",2026-01-26,40000,https://barium.dfxx.fun/storage/01KE9E7BDRCXXJYTTPHV0WV371.png,https://www.instagram.com/p/DSzFXoeD5MT/?utm_source=ig_web_copy_link&igsh=MzRlODBiNWFlZA==,,,,TRUE
212,INFEST COMPETITION 2026,2026-01-30,75000,https://barium.dfxx.fun/storage/01KE9E44QPG2VSGKPZJP9MW301.png,https://www.instagram.com/p/DS1CmKvD7Ga/?utm_source=ig_web_copy_link&igsh=MzRlODBiNWFlZA==,,,,TRUE
208,📢 CHEMICAL ENGINEERING WEEK XI  📢,2026-01-31,30000,https://barium.dfxx.fun/storage/01KE9DJRGFAZDD3E4V44EQAJHY.png,https://www.instagram.com/p/DTH8qNrj-T6/?utm_source=ig_web_copy_link&igsh=MzRlODBiNWFlZA==,,,,TRUE
